-- phpMyAdmin SQL Dump
-- version 4.8.3
-- https://www.phpmyadmin.net/
--
-- Host: 127.0.0.1
-- Generation Time: Nov 06, 2023 at 04:43 AM
-- Server version: 10.1.36-MariaDB
-- PHP Version: 5.6.38

SET SQL_MODE = "NO_AUTO_VALUE_ON_ZERO";
SET AUTOCOMMIT = 0;
START TRANSACTION;
SET time_zone = "+00:00";


/*!40101 SET @OLD_CHARACTER_SET_CLIENT=@@CHARACTER_SET_CLIENT */;
/*!40101 SET @OLD_CHARACTER_SET_RESULTS=@@CHARACTER_SET_RESULTS */;
/*!40101 SET @OLD_COLLATION_CONNECTION=@@COLLATION_CONNECTION */;
/*!40101 SET NAMES utf8mb4 */;

--
-- Database: `elaine_ta`
--

-- --------------------------------------------------------

--
-- Table structure for table `aspek`
--

CREATE TABLE `aspek` (
  `id` varchar(25) NOT NULL,
  `domain` varchar(25) NOT NULL,
  `nama` varchar(255) NOT NULL,
  `bobot` decimal(11,2) NOT NULL
) ENGINE=InnoDB DEFAULT CHARSET=latin1;

--
-- Dumping data for table `aspek`
--

INSERT INTO `aspek` (`id`, `domain`, `nama`, `bobot`) VALUES
('a2023110400001', 'd2023110400001', 'Aspek 1', '13.00'),
('a2023110400002', 'd2023110400002', 'Aspek 2', '10.00'),
('a2023110400003', 'd2023110400002', 'Aspek 3', '10.00'),
('a2023110400004', 'd2023110400002', 'Aspek 4', '5.00'),
('a2023110400005', 'd2023110400003', 'Aspek 5', '12.00'),
('a2023110400006', 'd2023110400003', 'Aspek 6', '4.50'),
('a2023110400007', 'd2023110400004', 'Aspek 7', '27.50'),
('a2023110400008', 'd2023110400004', 'Aspek 8', '18.00');

-- --------------------------------------------------------

--
-- Table structure for table `domain`
--

CREATE TABLE `domain` (
  `id` varchar(25) NOT NULL,
  `nama` varchar(255) NOT NULL,
  `bobot` decimal(11,2) NOT NULL
) ENGINE=InnoDB DEFAULT CHARSET=latin1;

--
-- Dumping data for table `domain`
--

INSERT INTO `domain` (`id`, `nama`, `bobot`) VALUES
('d2023110400001', 'Domain 1', '13.00'),
('d2023110400002', 'Domain 2', '25.00'),
('d2023110400003', 'Domain 3', '16.50'),
('d2023110400004', 'Domain 4', '45.50');

-- --------------------------------------------------------

--
-- Table structure for table `grup_instansi`
--

CREATE TABLE `grup_instansi` (
  `id` varchar(25) NOT NULL,
  `nama` varchar(255) NOT NULL
) ENGINE=InnoDB DEFAULT CHARSET=latin1;

--
-- Dumping data for table `grup_instansi`
--

INSERT INTO `grup_instansi` (`id`, `nama`) VALUES
('gi2023110400001', 'Kementrian Pusat'),
('gi2023110400002', 'Instansi Lainnya Pusat'),
('gi2023110400003', 'Lembaga Non Struktural Pusat'),
('gi2023110400004', 'Lembaga Pemerintah Non Kementerian Pusat'),
('gi2023110400005', 'Pemerintah Kabupaten Aceh'),
('gi2023110400006', 'Pemerintah Kabupaten Bali'),
('gi2023110400007', 'Pemerintah Kabupaten Banten'),
('gi2023110400008', 'Pemerintah Kabupaten Bengkulu'),
('gi2023110400009', 'Pemerintah Kabupaten Gorontalo'),
('gi2023110400010', 'Pemerintah Kabupaten Jambi'),
('gi2023110400011', 'Pemerintah Kabupaten Jawa Barat'),
('gi2023110400012', 'Pemerintah Kabupaten Jawa Tengah'),
('gi2023110400013', 'Pemerintah Kabupaten Jawa Timur'),
('gi2023110400014', 'Pemerintah Kabupaten Kalimantan Barat'),
('gi2023110400015', 'Pemerintah Kabupaten Kalimantan Selatan'),
('gi2023110400016', 'Pemerintah Kabupaten Kalimantan Tengah'),
('gi2023110400017', 'Pemerintah Kabupaten Kalimantan Timur'),
('gi2023110400018', 'Pemerintah Kabupaten Kalimantan Utara'),
('gi2023110400019', 'Pemerintah Kabupaten Kepulauan Bangka Belitung'),
('gi2023110400020', 'Pemerintah Kabupaten Lampung'),
('gi2023110400021', 'Pemerintah Kabupaten Maluku'),
('gi2023110400022', 'Pemerintah Kabupaten Maluku Utara'),
('gi2023110400023', 'Pemerintah Kabupaten Nusa Tengara Barat'),
('gi2023110400024', 'Pemerintah Kabupaten Nusa Tengara Timur'),
('gi2023110400025', 'Pemerintah Kabupaten Papua'),
('gi2023110400026', 'Pemerintah Kabupaten Papua Barat'),
('gi2023110400027', 'Pemerintah Kabupaten Riau'),
('gi2023110400028', 'Pemerintah Kabupaten Sulawesi Barat'),
('gi2023110400029', 'Pemerintah Kabupaten Sulawesi Selatan'),
('gi2023110400030', 'Pemerintah Kabupaten Sulawesi Tengah'),
('gi2023110400031', 'Pemerintah Kabupaten Sulawesi Tenggara'),
('gi2023110400032', 'Pemerintah Kabupaten Sulawesi Utara'),
('gi2023110400033', 'Pemerintah Kabupaten Sumatra Barat'),
('gi2023110400034', 'Pemerintah Kabupaten Sumatra Selatan'),
('gi2023110400035', 'Pemerintah Kabupaten Sumatra Utara'),
('gi2023110400036', 'Pemerintah Kabupaten Yogyakarta'),
('gi2023110400037', 'Pemerintah Kota Aceh'),
('gi2023110400038', 'Pemerintah Kota Bali'),
('gi2023110400039', 'Pemerintah Kota Banten'),
('gi2023110400040', 'Pemerintah Kota Bengkulu'),
('gi2023110400041', 'Pemerintah Kota Gorontalo'),
('gi2023110400042', 'Pemerintah Kota Jambi'),
('gi2023110400043', 'Pemerintah Kota Jawa Barat'),
('gi2023110400044', 'Pemerintah Kota Jawa Tengah'),
('gi2023110400045', 'Pemerintah Kota Jawa Timur'),
('gi2023110400046', 'Pemerintah Kota Kalimantan Barat'),
('gi2023110400047', 'Pemerintah Kota Kalimantan Selatan'),
('gi2023110400048', 'Pemerintah Kota Kalimantan Tengah'),
('gi2023110400049', 'Pemerintah Kota Kalimantan Timur'),
('gi2023110400050', 'Pemerintah Kota Kalimantan Utara'),
('gi2023110400051', 'Pemerintah Kota Kepulauan Bangka Belitung'),
('gi2023110400052', 'Pemerintah Kota Lampung'),
('gi2023110400053', 'Pemerintah Kota Maluku'),
('gi2023110400054', 'Pemerintah Kota Maluku Utara'),
('gi2023110400055', 'Pemerintah Kota Nusa Tengara Barat'),
('gi2023110400056', 'Pemerintah Kota Nusa Tengara Timur'),
('gi2023110400057', 'Pemerintah Kota Papua'),
('gi2023110400058', 'Pemerintah Kota Papua Barat'),
('gi2023110400059', 'Pemerintah Kota Riau'),
('gi2023110400060', 'Pemerintah Kota Sulawesi Selatan'),
('gi2023110400061', 'Pemerintah Kota Sulawesi Tengah'),
('gi2023110400062', 'Pemerintah Kota Sulawesi Tenggara'),
('gi2023110400063', 'Pemerintah Kota Sulawesi Utara'),
('gi2023110400064', 'Pemerintah Kota Sumatra Barat'),
('gi2023110400065', 'Pemerintah Kota Sumatra Selatan'),
('gi2023110400066', 'Pemerintah Kota Sumatra Utara'),
('gi2023110400067', 'Pemerintah Provinsi Aceh'),
('gi2023110400068', 'Pemerintah Provinsi Banten'),
('gi2023110400069', 'Pemerintah Provinsi Bengkulu'),
('gi2023110400070', 'Pemerintah Provinsi Gorontalo'),
('gi2023110400071', 'Pemerintah Provinsi Jakarta'),
('gi2023110400072', 'Pemerintah Provinsi Jambi'),
('gi2023110400073', 'Pemerintah Provinsi Jawa Barat'),
('gi2023110400074', 'Pemerintah Provinsi Jawa Tengah'),
('gi2023110400075', 'Pemerintah Provinsi Jawa Timur'),
('gi2023110400076', 'Pemerintah Provinsi Kalimantan Barat'),
('gi2023110400077', 'Pemerintah Provinsi Kalimantan Tengah'),
('gi2023110400078', 'Pemerintah Provinsi Kalimantan Timur'),
('gi2023110400079', 'Pemerintah Provinsi Kalimantan Utara'),
('gi2023110400080', 'Pemerintah Provinsi Kepulauan Bangka Belitung'),
('gi2023110400081', 'Pemerintah Provinsi Lampung'),
('gi2023110400082', 'Pemerintah Provinsi Maluku'),
('gi2023110400083', 'Pemerintah Provinsi Maluku Utara'),
('gi2023110400084', 'Pemerintah Provinsi Nusa Tengara Barat'),
('gi2023110400085', 'Pemerintah Provinsi Nusa Tengara Timur'),
('gi2023110400086', 'Pemerintah Provinsi Papua'),
('gi2023110400087', 'Pemerintah Provinsi Papua Barat'),
('gi2023110400088', 'Pemerintah Provinsi Riau'),
('gi2023110400089', 'Pemerintah Provinsi Sulawesi Barat'),
('gi2023110400090', 'Pemerintah Provinsi Sulawesi Selatan'),
('gi2023110400091', 'Pemerintah Provinsi Sulawesi Tengah'),
('gi2023110400092', 'Pemerintah Provinsi Sulawesi Tenggara'),
('gi2023110400093', 'Pemerintah Provinsi Sulawesi Utara'),
('gi2023110400094', 'Pemerintah Provinsi Sumatra Barat'),
('gi2023110400095', 'Pemerintah Provinsi Sumatra Utara'),
('gi2023110400096', 'Pemerintah Provinsi Yogyakarta');

-- --------------------------------------------------------

--
-- Table structure for table `indikator`
--

CREATE TABLE `indikator` (
  `id` varchar(25) NOT NULL,
  `aspek` varchar(25) NOT NULL,
  `nama` varchar(255) NOT NULL,
  `bobot` decimal(11,2) NOT NULL
) ENGINE=InnoDB DEFAULT CHARSET=latin1;

--
-- Dumping data for table `indikator`
--

INSERT INTO `indikator` (`id`, `aspek`, `nama`, `bobot`) VALUES
('in2023110400001', 'a2023110400001', 'I1', '1.30'),
('in2023110400002', 'a2023110400001', 'I2', '1.30'),
('in2023110400003', 'a2023110400001', 'I3', '1.30'),
('in2023110400004', 'a2023110400001', 'I4', '1.30'),
('in2023110400005', 'a2023110400001', 'I5', '1.30'),
('in2023110400006', 'a2023110400001', 'I6', '1.30'),
('in2023110400007', 'a2023110400001', 'I7', '1.30'),
('in2023110400008', 'a2023110400001', 'I8', '1.30'),
('in2023110400009', 'a2023110400001', 'I9', '1.30'),
('in2023110400010', 'a2023110400001', 'I10', '1.30'),
('in2023110400011', 'a2023110400002', 'I11', '2.50'),
('in2023110400012', 'a2023110400002', 'I12', '2.50'),
('in2023110400013', 'a2023110400002', 'I13', '2.50'),
('in2023110400014', 'a2023110400002', 'I14', '2.50'),
('in2023110400015', 'a2023110400003', 'I15', '2.50'),
('in2023110400016', 'a2023110400003', 'I16', '2.50'),
('in2023110400017', 'a2023110400003', 'I17', '2.50'),
('in2023110400018', 'a2023110400003', 'I18', '2.50'),
('in2023110400019', 'a2023110400004', 'I19', '2.50'),
('in2023110400020', 'a2023110400004', 'I20', '2.50'),
('in2023110400021', 'a2023110400005', 'I21', '1.50'),
('in2023110400022', 'a2023110400005', 'I22', '1.50'),
('in2023110400023', 'a2023110400005', 'I23', '1.50'),
('in2023110400024', 'a2023110400005', 'I24', '1.50'),
('in2023110400025', 'a2023110400005', 'I25', '1.50'),
('in2023110400026', 'a2023110400005', 'I26', '1.50'),
('in2023110400027', 'a2023110400005', 'I27', '1.50'),
('in2023110400028', 'a2023110400005', 'I28', '1.50'),
('in2023110400029', 'a2023110400006', 'I29', '1.50'),
('in2023110400030', 'a2023110400006', 'I30', '1.50'),
('in2023110400031', 'a2023110400006', 'I31', '1.50'),
('in2023110400032', 'a2023110400007', 'I32', '2.75'),
('in2023110400033', 'a2023110400007', 'I33', '2.75'),
('in2023110400034', 'a2023110400007', 'I34', '2.75'),
('in2023110400035', 'a2023110400007', 'I35', '2.75'),
('in2023110400036', 'a2023110400007', 'I36', '2.75'),
('in2023110400037', 'a2023110400007', 'I37', '2.75'),
('in2023110400038', 'a2023110400007', 'I38', '2.75'),
('in2023110400039', 'a2023110400007', 'I39', '2.75'),
('in2023110400040', 'a2023110400007', 'I40', '2.75'),
('in2023110400041', 'a2023110400007', 'I41', '2.75'),
('in2023110400042', 'a2023110400008', 'I42', '3.00'),
('in2023110400043', 'a2023110400008', 'I43', '3.00'),
('in2023110400044', 'a2023110400008', 'I44', '3.00'),
('in2023110400045', 'a2023110400008', 'I45', '3.00'),
('in2023110400046', 'a2023110400008', 'I46', '3.00'),
('in2023110400047', 'a2023110400008', 'I47', '3.00');

-- --------------------------------------------------------

--
-- Table structure for table `instansi`
--

CREATE TABLE `instansi` (
  `id` varchar(25) NOT NULL,
  `nama` varchar(255) NOT NULL,
  `group_instansi` varchar(25) NOT NULL
) ENGINE=InnoDB DEFAULT CHARSET=latin1;

--
-- Dumping data for table `instansi`
--

INSERT INTO `instansi` (`id`, `nama`, `group_instansi`) VALUES
('i2023110600001', 'Kementerian Koordinator Bidang Pembangunan Manusia dan Kebudayaan', 'gi2023110400001'),
('i2023110600002', 'Kementerian Koperasi dan Usaha Kecil dan Menengah', 'gi2023110400001'),
('i2023110600003', 'Kementerian Pemberdayaan Perempuan dan Perlindungan Anak', 'gi2023110400001'),
('i2023110600004', 'Kementerian Dalam Negeri', 'gi2023110400001'),
('i2023110600005', 'Kementerian Luar Negeri', 'gi2023110400001'),
('i2023110600006', 'Kementerian Hukum dan Hak Asasi Manusia', 'gi2023110400001'),
('i2023110600007', 'Kementerian Pertanian', 'gi2023110400001'),
('i2023110600008', 'Kementerian Energi dan Sumber Daya Mineral', 'gi2023110400001'),
('i2023110600009', 'Kementerian Perhubungan', 'gi2023110400001'),
('i2023110600010', 'Kementerian Ketenagakerjaan', 'gi2023110400001'),
('i2023110600011', 'Kementerian Perdagangan', 'gi2023110400001'),
('i2023110600012', 'Kementerian Agraria dan Tata Ruang/Badan Pertanahan Nasional', 'gi2023110400001'),
('i2023110600013', 'Kementerian Koordinator Bidang Perekonomian', 'gi2023110400001'),
('i2023110600014', 'Kementerian Koordinator Bidang Kemaritiman', 'gi2023110400001'),
('i2023110600015', 'Kementerian Badan Usaha Milik Negara', 'gi2023110400001'),
('i2023110600016', 'Kementerian Pendayagunaan Aparatur Negara dan Reformasi Birokrasi', 'gi2023110400001'),
('i2023110600017', 'Kementerian Desa, Pembangunan Daerah Tertinggal dan Transmigrasi', 'gi2023110400001'),
('i2023110600018', 'Kementerian Keuangan', 'gi2023110400001'),
('i2023110600019', 'Kementerian Pendidikan dan Kebudayaan', 'gi2023110400001'),
('i2023110600020', 'Kementerian Kesehatan', 'gi2023110400001'),
('i2023110600021', 'Kementerian Agama', 'gi2023110400001'),
('i2023110600022', 'Kementerian Sosial', 'gi2023110400001'),
('i2023110600023', 'Kementerian Lingkungan Hidup dan Kehutanan', 'gi2023110400001'),
('i2023110600024', 'Kementerian Kelautan dan Perikanan', 'gi2023110400001'),
('i2023110600025', 'Kementerian Komunikasi dan Informatika', 'gi2023110400001'),
('i2023110600026', 'Kementerian Pekerjaan Umum & Perumahan Rakyat', 'gi2023110400001'),
('i2023110600027', 'Kementerian Pariwisata dan Ekonomi Kreatif/Badan Pariwisata dan Ekonomi Kreatif', 'gi2023110400001'),
('i2023110600028', 'Kementerian Sekretariat Negara', 'gi2023110400001'),
('i2023110600029', 'Kementerian Perencanaan Pembangunan Nasional/Badan Perencanaan Pembangunan Nasional', 'gi2023110400001'),
('i2023110600030', 'Kementerian Investasi/Badan Koordinasi Penanaman Modal', 'gi2023110400001'),
('i2023110600031', 'Kementerian Koordinator Bidang Politik, Hukum dan Keamanan', 'gi2023110400001'),
('i2023110600032', 'Kementerian Pemuda dan Olahraga', 'gi2023110400001'),
('i2023110600033', 'Kementerian Pertahanan', 'gi2023110400001'),
('i2023110600034', 'Kementerian Perindustrian', 'gi2023110400001'),
('i2023110600035', 'Badan Pembinaan Ideologi Pancasila', 'gi2023110400002'),
('i2023110600036', 'Badan Intelijen Negara', 'gi2023110400002'),
('i2023110600037', 'Majelis Permusyawaratan Rakyat', 'gi2023110400002'),
('i2023110600038', 'Dewan Perwakilan Rakyat', 'gi2023110400002'),
('i2023110600039', 'Komisi Yudisial', 'gi2023110400002'),
('i2023110600040', 'Dewan Perwakilan Daerah', 'gi2023110400002'),
('i2023110600041', 'Radio Republik Indonesia', 'gi2023110400002'),
('i2023110600042', 'Markas Besar Kepolisian Republik Indonesia', 'gi2023110400002'),
('i2023110600043', 'Kejaksaan Agung', 'gi2023110400002'),
('i2023110600044', 'Mahkamah Agung RI', 'gi2023110400002'),
('i2023110600045', 'Badan Pemeriksa Keuangan', 'gi2023110400002'),
('i2023110600046', 'Sekretariat Kabinet', 'gi2023110400002'),
('i2023110600047', 'Mahkamah Konstitusi', 'gi2023110400002'),
('i2023110600048', 'Televisi Republik Indonesia', 'gi2023110400002'),
('i2023110600049', 'Dewan Ketahanan Nasional', 'gi2023110400003'),
('i2023110600050', 'Komisi Pemilihan Umum', 'gi2023110400003'),
('i2023110600051', 'Komisi Pemberantasan Korupsi', 'gi2023110400003'),
('i2023110600052', 'Pusat Pelaporan dan Analisis Transaksi Keuangan', 'gi2023110400003'),
('i2023110600053', 'Ombudsman Republik Indonesia', 'gi2023110400003'),
('i2023110600054', 'Badan Nasional Pengelola Perbatasan', 'gi2023110400003'),
('i2023110600055', 'Komisi Aparatur Sipil Negara', 'gi2023110400003'),
('i2023110600056', 'Badan Amil Zakat Nasional', 'gi2023110400003'),
('i2023110600057', 'Komisi Pengawas Persaingan Usaha', 'gi2023110400003'),
('i2023110600058', 'Badan Pengawas Pemilihan Umum', 'gi2023110400003'),
('i2023110600059', 'Komisi Penyiaran Indonesia', 'gi2023110400003'),
('i2023110600060', 'Komisi Informasi Pusat', 'gi2023110400003'),
('i2023110600061', 'Komisi Kejaksaan', 'gi2023110400003'),
('i2023110600062', 'Dewan Pers', 'gi2023110400003'),
('i2023110600063', 'Dewan Jaminan Sosial Nasional', 'gi2023110400003'),
('i2023110600064', 'Lembaga Perlindungan Saksi Dan Korban', 'gi2023110400003'),
('i2023110600065', 'Lembaga Sensor Film', 'gi2023110400003'),
('i2023110600066', 'Konsil Kedokteran Indonesia', 'gi2023110400003'),
('i2023110600067', 'Kantor Staf Presiden', 'gi2023110400003'),
('i2023110600068', 'Badan Riset dan Inovasi Nasional', 'gi2023110400004'),
('i2023110600069', 'Badan Siber dan Sandi Negara', 'gi2023110400004'),
('i2023110600070', 'Lembaga Administrasi Negara', 'gi2023110400004'),
('i2023110600071', 'Arsip Nasional Republik Indonesia', 'gi2023110400004'),
('i2023110600072', 'Badan Kependudukan dan Keluarga Berencana Nasional', 'gi2023110400004'),
('i2023110600073', 'Perpustakaan Nasional RI', 'gi2023110400004'),
('i2023110600074', 'Badan Pengawas Obat dan Makanan', 'gi2023110400004'),
('i2023110600075', 'Lembaga Ketahanan Nasional RI', 'gi2023110400004'),
('i2023110600076', 'Badan Meteorologi, Klimatologi dan Geofisika', 'gi2023110400004'),
('i2023110600077', 'Badan Narkotika Nasional', 'gi2023110400004'),
('i2023110600078', 'Badan Keamanan Laut', 'gi2023110400004'),
('i2023110600079', 'Badan Nasional Pencarian Dan Pertolongan', 'gi2023110400004'),
('i2023110600080', 'Lembaga Kebijakan Pengadaan Barang/Jasa Pemerintah', 'gi2023110400004'),
('i2023110600081', 'Badan Nasional Penanggulangan Terorisme', 'gi2023110400004'),
('i2023110600082', 'Badan Perlindungan Pekerja Migran Indonesia', 'gi2023110400004'),
('i2023110600083', 'Pemerintah Kab. Aceh Besar', 'gi2023110400005'),
('i2023110600084', 'Pemerintah Kab. Pidie', 'gi2023110400005'),
('i2023110600085', 'Pemerintah Kab. Aceh Utara', 'gi2023110400005'),
('i2023110600086', 'Pemerintah Kab. Aceh Timur', 'gi2023110400005'),
('i2023110600087', 'Pemerintah Kab. Aceh Selatan', 'gi2023110400005'),
('i2023110600088', 'Pemerintah Kab. Aceh Barat', 'gi2023110400005'),
('i2023110600089', 'Pemerintah Kab. Aceh Tengah', 'gi2023110400005'),
('i2023110600090', 'Pemerintah Kab. Aceh Tenggara', 'gi2023110400005'),
('i2023110600091', 'Pemerintah Kab. Bireuen', 'gi2023110400005'),
('i2023110600092', 'Pemerintah Kab. Aceh Barat Daya', 'gi2023110400005'),
('i2023110600093', 'Pemerintah Kab. Gayo Lues', 'gi2023110400005'),
('i2023110600094', 'Pemerintah Kab. Aceh Tamiang', 'gi2023110400005'),
('i2023110600095', 'Pemerintah Kab. Nagan Raya', 'gi2023110400005'),
('i2023110600096', 'Pemerintah Kab. Aceh Jaya', 'gi2023110400005'),
('i2023110600097', 'Pemerintah Kab. Bener Meriah', 'gi2023110400005'),
('i2023110600098', 'Pemerintah Kab. Pidie Jaya', 'gi2023110400005'),
('i2023110600099', 'Pemerintah Kab. Buleleng', 'gi2023110400006'),
('i2023110600100', 'Pemerintah Kab. Jembrana', 'gi2023110400006'),
('i2023110600101', 'Pemerintah Kab. Karangasem', 'gi2023110400006'),
('i2023110600102', 'Pemerintah Kab. Bangli', 'gi2023110400006'),
('i2023110600103', 'Pemerintah Kab. Badung', 'gi2023110400006'),
('i2023110600104', 'Pemerintah Kab. Tabanan', 'gi2023110400006'),
('i2023110600105', 'Pemerintah Kab. Serang', 'gi2023110400007'),
('i2023110600106', 'Pemerintah Kab. Pandeglang', 'gi2023110400007'),
('i2023110600107', 'Pemerintah Kab. Lebak', 'gi2023110400007'),
('i2023110600108', 'Pemerintah Kab. Tangerang', 'gi2023110400007'),
('i2023110600109', 'Pemerintah Kab. Bengkulu Utara', 'gi2023110400008'),
('i2023110600110', 'Pemerintah Kab. Bengkulu Selatan', 'gi2023110400008'),
('i2023110600111', 'Pemerintah Kab. Rejang Lebong', 'gi2023110400008'),
('i2023110600112', 'Pemerintah Kab. Kaur', 'gi2023110400008'),
('i2023110600113', 'Pemerintah Kab. Seluma', 'gi2023110400008'),
('i2023110600114', 'Pemerintah Kab. Mukomuko', 'gi2023110400008'),
('i2023110600115', 'Pemerintah Kab. Kepahiang', 'gi2023110400008'),
('i2023110600116', 'Pemerintah Kab. Lebong', 'gi2023110400008'),
('i2023110600117', 'Pemerintah Kab. Bengkulu Tengah', 'gi2023110400008'),
('i2023110600118', 'Pemerintah Kab. Gorontalo', 'gi2023110400009'),
('i2023110600119', 'Pemerintah Kab. Boalemo', 'gi2023110400009'),
('i2023110600120', 'Pemerintah Kab. Pohuwato', 'gi2023110400009'),
('i2023110600121', 'Pemerintah Kab. Bone Bolango', 'gi2023110400009'),
('i2023110600122', 'Pemerintah Kab. Gorontalo Utara', 'gi2023110400009'),
('i2023110600123', 'Pemerintah Kab. Batang Hari', 'gi2023110400010'),
('i2023110600124', 'Pemerintah Kab. Tanjung Jabung Barat', 'gi2023110400010'),
('i2023110600125', 'Pemerintah Kab. Bungo', 'gi2023110400010'),
('i2023110600126', 'Pemerintah Kab. Merangin', 'gi2023110400010'),
('i2023110600127', 'Pemerintah Kab. Kerinci', 'gi2023110400010'),
('i2023110600128', 'Pemerintah Kab. Sarolangun', 'gi2023110400010'),
('i2023110600129', 'Pemerintah Kab. Tebo', 'gi2023110400010'),
('i2023110600130', 'Pemerintah Kab. Muaro Jambi', 'gi2023110400010'),
('i2023110600131', 'Pemerintah Kab. Tanjung Jabung Timur', 'gi2023110400010'),
('i2023110600132', 'Pemerintah Kab. Bogor', 'gi2023110400011'),
('i2023110600133', 'Pemerintah Kab. Sukabumi', 'gi2023110400011'),
('i2023110600134', 'Pemerintah Kab. Cianjur', 'gi2023110400011'),
('i2023110600135', 'Pemerintah Kab. Bekasi', 'gi2023110400011'),
('i2023110600136', 'Pemerintah Kab. Karawang', 'gi2023110400011'),
('i2023110600137', 'Pemerintah Kab. Purwakarta', 'gi2023110400011'),
('i2023110600138', 'Pemerintah Kab. Subang', 'gi2023110400011'),
('i2023110600139', 'Pemerintah Kab. Bandung', 'gi2023110400011'),
('i2023110600140', 'Pemerintah Kab. Sumedang', 'gi2023110400011'),
('i2023110600141', 'Pemerintah Kab. Tasikmalaya', 'gi2023110400011'),
('i2023110600142', 'Pemerintah Kab. Ciamis', 'gi2023110400011'),
('i2023110600143', 'Pemerintah Kab. Cirebon', 'gi2023110400011'),
('i2023110600144', 'Pemerintah Kab. Kuningan', 'gi2023110400011'),
('i2023110600145', 'Pemerintah Kab. Indramayu', 'gi2023110400011'),
('i2023110600146', 'Pemerintah Kab. Bandung Barat', 'gi2023110400011'),
('i2023110600147', 'Pemerintah Kab. Pangandaran', 'gi2023110400011'),
('i2023110600148', 'Pemerintah Kab. Semarang', 'gi2023110400012'),
('i2023110600149', 'Pemerintah Kab. Kendal', 'gi2023110400012'),
('i2023110600150', 'Pemerintah Kab. Grobogan', 'gi2023110400012'),
('i2023110600151', 'Pemerintah Kab. Pekalongan', 'gi2023110400012'),
('i2023110600152', 'Pemerintah Kab. Batang', 'gi2023110400012'),
('i2023110600153', 'Pemerintah Kab. Tegal', 'gi2023110400012'),
('i2023110600154', 'Pemerintah Kab. Brebes', 'gi2023110400012'),
('i2023110600155', 'Pemerintah Kab. Kudus', 'gi2023110400012'),
('i2023110600156', 'Pemerintah Kab. Pemalang', 'gi2023110400012'),
('i2023110600157', 'Pemerintah Kab. Jepara', 'gi2023110400012'),
('i2023110600158', 'Pemerintah Kab. Rembang', 'gi2023110400012'),
('i2023110600159', 'Pemerintah Kab. Blora', 'gi2023110400012'),
('i2023110600160', 'Pemerintah Kab. Banyumas', 'gi2023110400012'),
('i2023110600161', 'Pemerintah Kab. Cilacap', 'gi2023110400012'),
('i2023110600162', 'Pemerintah Kab. Purbalingga', 'gi2023110400012'),
('i2023110600163', 'Pemerintah Kab. Banjarnegara', 'gi2023110400012'),
('i2023110600164', 'Pemerintah Kab. Magelang', 'gi2023110400012'),
('i2023110600165', 'Pemerintah Kab. Wonosobo', 'gi2023110400012'),
('i2023110600166', 'Pemerintah Kab. Purworejo', 'gi2023110400012'),
('i2023110600167', 'Pemerintah Kab. Kebumen', 'gi2023110400012'),
('i2023110600168', 'Pemerintah Kab. Sragen', 'gi2023110400012'),
('i2023110600169', 'Pemerintah Kab. Sukoharjo', 'gi2023110400012'),
('i2023110600170', 'Pemerintah Kab. Karanganyar', 'gi2023110400012'),
('i2023110600171', 'Pemerintah Kab. Wonogiri', 'gi2023110400012'),
('i2023110600172', 'Pemerintah Kab. Gresik', 'gi2023110400013'),
('i2023110600173', 'Pemerintah Kab. Mojokerto', 'gi2023110400013'),
('i2023110600174', 'Pemerintah Kab. Sidoarjo', 'gi2023110400013'),
('i2023110600175', 'Pemerintah Kab. Jombang', 'gi2023110400013'),
('i2023110600176', 'Pemerintah Kab. Sampang', 'gi2023110400013'),
('i2023110600177', 'Pemerintah Kab. Pamekasan', 'gi2023110400013'),
('i2023110600178', 'Pemerintah Kab. Sumenep', 'gi2023110400013'),
('i2023110600179', 'Pemerintah Kab. Bangkalan', 'gi2023110400013'),
('i2023110600180', 'Pemerintah Kab. Bondowoso', 'gi2023110400013'),
('i2023110600181', 'Pemerintah Kab. Situbondo', 'gi2023110400013'),
('i2023110600182', 'Pemerintah Kab. Jember', 'gi2023110400013'),
('i2023110600183', 'Pemerintah Kab. Malang', 'gi2023110400013'),
('i2023110600184', 'Pemerintah Kab. Pasuruan', 'gi2023110400013'),
('i2023110600185', 'Pemerintah Kab. Probolinggo', 'gi2023110400013'),
('i2023110600186', 'Pemerintah Kab. Lumajang', 'gi2023110400013'),
('i2023110600187', 'Pemerintah Kab. Kediri', 'gi2023110400013'),
('i2023110600188', 'Pemerintah Kab. Tulungagung', 'gi2023110400013'),
('i2023110600189', 'Pemerintah Kab. Nganjuk', 'gi2023110400013'),
('i2023110600190', 'Pemerintah Kab. Trenggalek', 'gi2023110400013'),
('i2023110600191', 'Pemerintah Kab. Blitar', 'gi2023110400013'),
('i2023110600192', 'Pemerintah Kab. Magetan', 'gi2023110400013'),
('i2023110600193', 'Pemerintah Kab. Ponorogo', 'gi2023110400013'),
('i2023110600194', 'Pemerintah Kab. Pacitan', 'gi2023110400013'),
('i2023110600195', 'Pemerintah Kab. Bojonegoro', 'gi2023110400013'),
('i2023110600196', 'Pemerintah Kab. Tuban', 'gi2023110400013'),
('i2023110600197', 'Pemerintah Kab. Lamongan', 'gi2023110400013'),
('i2023110600198', 'Pemerintah Kab. Sambas', 'gi2023110400014'),
('i2023110600199', 'Pemerintah Kab. Sanggau', 'gi2023110400014'),
('i2023110600200', 'Pemerintah Kab. Sintang', 'gi2023110400014'),
('i2023110600201', 'Pemerintah Kab. Mempawah', 'gi2023110400014'),
('i2023110600202', 'Pemerintah Kab. Kapuas Hulu', 'gi2023110400014'),
('i2023110600203', 'Pemerintah Kab. Ketapang', 'gi2023110400014'),
('i2023110600204', 'Pemerintah Kab. Bengkayang', 'gi2023110400014'),
('i2023110600205', 'Pemerintah Kab. Landak', 'gi2023110400014'),
('i2023110600206', 'Pemerintah Kab. Melawi', 'gi2023110400014'),
('i2023110600207', 'Pemerintah Kab. Sekadau', 'gi2023110400014'),
('i2023110600208', 'Pemerintah Kab. Kubu Raya', 'gi2023110400014'),
('i2023110600209', 'Pemerintah Kab. Kayong Utara', 'gi2023110400014'),
('i2023110600210', 'Pemerintah Kab. Banjar', 'gi2023110400015'),
('i2023110600211', 'Pemerintah Kab. Tanah Laut', 'gi2023110400015'),
('i2023110600212', 'Pemerintah Kab. Tapin', 'gi2023110400015'),
('i2023110600213', 'Pemerintah Kab. Hulu Sungai Selatan', 'gi2023110400015'),
('i2023110600214', 'Pemerintah Kab. Hulu Sungai Tengah', 'gi2023110400015'),
('i2023110600215', 'Pemerintah Kab. Barito Kuala', 'gi2023110400015'),
('i2023110600216', 'Pemerintah Kab. Tabalong', 'gi2023110400015'),
('i2023110600217', 'Pemerintah Kab. Kotabaru', 'gi2023110400015'),
('i2023110600218', 'Pemerintah Kab. Hulu Sungai Utara', 'gi2023110400015'),
('i2023110600219', 'Pemerintah Kab. Tanah Bumbu', 'gi2023110400015'),
('i2023110600220', 'Pemerintah Kab. Balangan', 'gi2023110400015'),
('i2023110600221', 'Pemerintah Kab. Kapuas', 'gi2023110400016'),
('i2023110600222', 'Pemerintah Kab. Barito Utara', 'gi2023110400016'),
('i2023110600223', 'Pemerintah Kab. Barito Selatan', 'gi2023110400016'),
('i2023110600224', 'Pemerintah Kab. Kotawaringin Timur', 'gi2023110400016'),
('i2023110600225', 'Pemerintah Kab. Kotawaringin Barat', 'gi2023110400016'),
('i2023110600226', 'Pemerintah Kab. Pulang Pisau', 'gi2023110400016'),
('i2023110600227', 'Pemerintah Kab. Gunung Mas', 'gi2023110400016'),
('i2023110600228', 'Pemerintah Kab. Lamandau', 'gi2023110400016'),
('i2023110600229', 'Pemerintah Kab. Sukamara', 'gi2023110400016'),
('i2023110600230', 'Pemerintah Kab. Murung Raya', 'gi2023110400016'),
('i2023110600231', 'Pemerintah Kab. Katingan', 'gi2023110400016'),
('i2023110600232', 'Pemerintah Kab. Seruyan', 'gi2023110400016'),
('i2023110600233', 'Pemerintah Kab. Barito Timur', 'gi2023110400016'),
('i2023110600234', 'Pemerintah Kab. Kutai Kartanegara', 'gi2023110400017'),
('i2023110600235', 'Pemerintah Kab. Paser', 'gi2023110400017'),
('i2023110600236', 'Pemerintah Kab. Berau', 'gi2023110400017'),
('i2023110600237', 'Pemerintah Kab. Kutai Barat', 'gi2023110400017'),
('i2023110600238', 'Pemerintah Kab. Kutai Timur', 'gi2023110400017'),
('i2023110600239', 'Pemerintah Kab. Penajam Paser Utara', 'gi2023110400017'),
('i2023110600240', 'Pemerintah Kab. Bulungan', 'gi2023110400018'),
('i2023110600241', 'Pemerintah Kab. Malinau', 'gi2023110400018'),
('i2023110600242', 'Pemerintah Kab. Nunukan', 'gi2023110400018'),
('i2023110600243', 'Pemerintah Kab. Tana Tidung', 'gi2023110400018'),
('i2023110600244', 'Pemerintah Kab. Bangka', 'gi2023110400019'),
('i2023110600245', 'Pemerintah Kab. Belitung', 'gi2023110400019'),
('i2023110600246', 'Pemerintah Kab. Bangka Barat', 'gi2023110400019'),
('i2023110600247', 'Pemerintah Kab. Bangka Tengah', 'gi2023110400019'),
('i2023110600248', 'Pemerintah Kab. Bangka Selatan', 'gi2023110400019'),
('i2023110600249', 'Pemerintah Kab. Belitung Timur', 'gi2023110400019'),
('i2023110600250', 'Pemerintah Kab. Lampung Selatan', 'gi2023110400020'),
('i2023110600251', 'Pemerintah Kab. Lampung Tengah', 'gi2023110400020'),
('i2023110600252', 'Pemerintah Kab. Lampung Utara', 'gi2023110400020'),
('i2023110600253', 'Pemerintah Kab. Lampung Barat', 'gi2023110400020'),
('i2023110600254', 'Pemerintah Kab. Tulang Bawang', 'gi2023110400020'),
('i2023110600255', 'Pemerintah Kab. Tanggamus', 'gi2023110400020'),
('i2023110600256', 'Pemerintah Kab. Way Kanan', 'gi2023110400020'),
('i2023110600257', 'Pemerintah Kab. Lampung Timur', 'gi2023110400020'),
('i2023110600258', 'Pemerintah Kab. Pesawaran', 'gi2023110400020'),
('i2023110600259', 'Pemerintah Kab. Tulang Bawang Barat', 'gi2023110400020'),
('i2023110600260', 'Pemerintah Kab. Pringsewu', 'gi2023110400020'),
('i2023110600261', 'Pemerintah Kab. Mesuji', 'gi2023110400020'),
('i2023110600262', 'Pemerintah Kab. Pesisir Barat', 'gi2023110400020'),
('i2023110600263', 'Pemerintah Kab. Maluku Tengah', 'gi2023110400021'),
('i2023110600264', 'Pemerintah Kab. Maluku Tenggara', 'gi2023110400021'),
('i2023110600265', 'Pemerintah Kab. Buru', 'gi2023110400021'),
('i2023110600266', 'Pemerintah Kab. Kepulauan Tanimbar', 'gi2023110400021'),
('i2023110600267', 'Pemerintah Kab. Seram Bagian Barat', 'gi2023110400021'),
('i2023110600268', 'Pemerintah Kab. Seram Bagian Timur', 'gi2023110400021'),
('i2023110600269', 'Pemerintah Kab. Buru Selatan', 'gi2023110400021'),
('i2023110600270', 'Pemerintah Kab. Maluku Barat Daya', 'gi2023110400021'),
('i2023110600271', 'Pemerintah Kab. Halmahera Barat', 'gi2023110400022'),
('i2023110600272', 'Pemerintah Kab. Halmahera Selatan', 'gi2023110400022'),
('i2023110600273', 'Pemerintah Kab. Halmahera Utara', 'gi2023110400022'),
('i2023110600274', 'Pemerintah Kab. Pulau Morotai', 'gi2023110400022'),
('i2023110600275', 'Pemerintah Kab. Pulau Taliabu', 'gi2023110400022'),
('i2023110600276', 'Pemerintah Kab. Lombok Barat', 'gi2023110400023'),
('i2023110600277', 'Pemerintah Kab. Lombok Tengah', 'gi2023110400023'),
('i2023110600278', 'Pemerintah Kab. Lombok Timur', 'gi2023110400023'),
('i2023110600279', 'Pemerintah Kab. Bima', 'gi2023110400023'),
('i2023110600280', 'Pemerintah Kab. Sumbawa', 'gi2023110400023'),
('i2023110600281', 'Pemerintah Kab. Dompu', 'gi2023110400023'),
('i2023110600282', 'Pemerintah Kab. Sumbawa Barat', 'gi2023110400023'),
('i2023110600283', 'Pemerintah Kab. Lombok Utara', 'gi2023110400023'),
('i2023110600284', 'Pemerintah Kab. Kupang', 'gi2023110400024'),
('i2023110600285', 'Pemerintah Kab. Belu', 'gi2023110400024'),
('i2023110600286', 'Pemerintah Kab. Timor Tengah Utara', 'gi2023110400024'),
('i2023110600287', 'Pemerintah Kab. Timor Tengah Selatan', 'gi2023110400024'),
('i2023110600288', 'Pemerintah Kab. Alor', 'gi2023110400024'),
('i2023110600289', 'Pemerintah Kab. Sikka', 'gi2023110400024'),
('i2023110600290', 'Pemerintah Kab. Flores Timur', 'gi2023110400024'),
('i2023110600291', 'Pemerintah Kab. Ngada', 'gi2023110400024'),
('i2023110600292', 'Pemerintah Kab. Manggarai', 'gi2023110400024'),
('i2023110600293', 'Pemerintah Kab. Sumba Timur', 'gi2023110400024'),
('i2023110600294', 'Pemerintah Kab. Sumba Barat', 'gi2023110400024'),
('i2023110600295', 'Pemerintah Kab. Lembata', 'gi2023110400024'),
('i2023110600296', 'Pemerintah Kab. Rote Ndao', 'gi2023110400024'),
('i2023110600297', 'Pemerintah Kab. Manggarai Barat', 'gi2023110400024'),
('i2023110600298', 'Pemerintah Kab. Manggarai Timur', 'gi2023110400024'),
('i2023110600299', 'Pemerintah Kab. Sumba Barat Daya', 'gi2023110400024'),
('i2023110600300', 'Pemerintah Kab. Nagekeo', 'gi2023110400024'),
('i2023110600301', 'Pemerintah Kab. Sumba Tengah', 'gi2023110400024'),
('i2023110600302', 'Pemerintah Kab. Sabu Raijua', 'gi2023110400024'),
('i2023110600303', 'Pemerintah Kab. Malaka', 'gi2023110400024'),
('i2023110600304', 'Pemerintah Kab. Jayapura', 'gi2023110400025'),
('i2023110600305', 'Pemerintah Kab. Merauke', 'gi2023110400025'),
('i2023110600306', 'Pemerintah Kab. Jayawijaya', 'gi2023110400025'),
('i2023110600307', 'Pemerintah Kab. Nabire', 'gi2023110400025'),
('i2023110600308', 'Pemerintah Kab. Puncak Jaya', 'gi2023110400025'),
('i2023110600309', 'Pemerintah Kab. Mimika', 'gi2023110400025'),
('i2023110600310', 'Pemerintah Kab. Boven Digoel', 'gi2023110400025'),
('i2023110600311', 'Pemerintah Kab. Mappi', 'gi2023110400025'),
('i2023110600312', 'Pemerintah Kab. Yahukimo', 'gi2023110400025'),
('i2023110600313', 'Pemerintah Kab. Pegunungan Bintang', 'gi2023110400025'),
('i2023110600314', 'Pemerintah Kab. Keerom', 'gi2023110400025'),
('i2023110600315', 'Pemerintah Kab. Supiori', 'gi2023110400025'),
('i2023110600316', 'Pemerintah Kab. Mamberamo Tengah', 'gi2023110400025'),
('i2023110600317', 'Pemerintah Kab. Lanny Jaya', 'gi2023110400025'),
('i2023110600318', 'Pemerintah Kab. Intan Jaya', 'gi2023110400025'),
('i2023110600319', 'Pemerintah Kab. Sorong', 'gi2023110400026'),
('i2023110600320', 'Pemerintah Kab. Manokwari', 'gi2023110400026'),
('i2023110600321', 'Pemerintah Kab. Fak-Fak', 'gi2023110400026'),
('i2023110600322', 'Pemerintah Kab. Kaimana', 'gi2023110400026'),
('i2023110600323', 'Pemerintah Kab. Manokwari Selatan', 'gi2023110400026'),
('i2023110600324', 'Pemerintah Kab. Kampar', 'gi2023110400027'),
('i2023110600325', 'Pemerintah Kab. Bengkalis', 'gi2023110400027'),
('i2023110600326', 'Pemerintah Kab. Indragiri Hulu', 'gi2023110400027'),
('i2023110600327', 'Pemerintah Kab. Indragiri Hilir', 'gi2023110400027'),
('i2023110600328', 'Pemerintah Kab. Rokan Hulu', 'gi2023110400027'),
('i2023110600329', 'Pemerintah Kab. Rokan Hilir', 'gi2023110400027'),
('i2023110600330', 'Pemerintah Kab. Siak', 'gi2023110400027'),
('i2023110600331', 'Pemerintah Kab. Kepulauan Meranti', 'gi2023110400027'),
('i2023110600332', 'Pemerintah Kab. Bintan', 'gi2023110400027'),
('i2023110600333', 'Pemerintah Kab. Karimun', 'gi2023110400027'),
('i2023110600334', 'Pemerintah Kab. Natuna', 'gi2023110400027'),
('i2023110600335', 'Pemerintah Kab. Lingga', 'gi2023110400027'),
('i2023110600336', 'Pemerintah Kab. Kepulauan Anambas', 'gi2023110400027'),
('i2023110600337', 'Pemerintah Kab. Pasangkayu', 'gi2023110400028'),
('i2023110600338', 'Pemerintah Kab. Mamuju', 'gi2023110400028'),
('i2023110600339', 'Pemerintah Kab. Mamasa', 'gi2023110400028'),
('i2023110600340', 'Pemerintah Kab. Polewali Mandar', 'gi2023110400028'),
('i2023110600341', 'Pemerintah Kab. Majene', 'gi2023110400028'),
('i2023110600342', 'Pemerintah Kab. Mamuju Tengah', 'gi2023110400028'),
('i2023110600343', 'Pemerintah Kab. Wajo', 'gi2023110400029'),
('i2023110600344', 'Pemerintah Kab. Bone', 'gi2023110400029'),
('i2023110600345', 'Pemerintah Kab. Tana Toraja', 'gi2023110400029'),
('i2023110600346', 'Pemerintah Kab. Maros', 'gi2023110400029'),
('i2023110600347', 'Pemerintah Kab. Luwu', 'gi2023110400029'),
('i2023110600348', 'Pemerintah Kab. Sinjai', 'gi2023110400029'),
('i2023110600349', 'Pemerintah Kab. Bulukumba', 'gi2023110400029'),
('i2023110600350', 'Pemerintah Kab. Bantaeng', 'gi2023110400029'),
('i2023110600351', 'Pemerintah Kab. Jeneponto', 'gi2023110400029'),
('i2023110600352', 'Pemerintah Kab. Kepulauan Selayar', 'gi2023110400029'),
('i2023110600353', 'Pemerintah Kab. Takalar', 'gi2023110400029'),
('i2023110600354', 'Pemerintah Kab. Barru', 'gi2023110400029'),
('i2023110600355', 'Pemerintah Kab. Sidenreng Rappang', 'gi2023110400029'),
('i2023110600356', 'Pemerintah Kab. Pangkajene dan Kepulauan', 'gi2023110400029'),
('i2023110600357', 'Pemerintah Kab. Soppeng', 'gi2023110400029'),
('i2023110600358', 'Pemerintah Kab. Enrekang', 'gi2023110400029'),
('i2023110600359', 'Pemerintah Kab. Luwu Utara', 'gi2023110400029'),
('i2023110600360', 'Pemerintah Kab. Luwu Timur', 'gi2023110400029'),
('i2023110600361', 'Pemerintah Kab. Toraja Utara', 'gi2023110400029'),
('i2023110600362', 'Pemerintah Kab. Poso', 'gi2023110400030'),
('i2023110600363', 'Pemerintah Kab. Donggala', 'gi2023110400030'),
('i2023110600364', 'Pemerintah Kab. Tolitoli', 'gi2023110400030'),
('i2023110600365', 'Pemerintah Kab. Banggai', 'gi2023110400030'),
('i2023110600366', 'Pemerintah Kab. Buol', 'gi2023110400030'),
('i2023110600367', 'Pemerintah Kab. Morowali', 'gi2023110400030'),
('i2023110600368', 'Pemerintah Kab. Banggai Kepulauan', 'gi2023110400030'),
('i2023110600369', 'Pemerintah Kab. Parigi Moutong', 'gi2023110400030'),
('i2023110600370', 'Pemerintah Kab. Tojo Una Una', 'gi2023110400030'),
('i2023110600371', 'Pemerintah Kab. Sigi', 'gi2023110400030'),
('i2023110600372', 'Pemerintah Kab. Banggai Laut', 'gi2023110400030'),
('i2023110600373', 'Pemerintah Kab. Morowali Utara', 'gi2023110400030'),
('i2023110600374', 'Pemerintah Kab. Konawe', 'gi2023110400031'),
('i2023110600375', 'Pemerintah Kab. Buton', 'gi2023110400031'),
('i2023110600376', 'Pemerintah Kab. Muna', 'gi2023110400031'),
('i2023110600377', 'Pemerintah Kab. Kolaka', 'gi2023110400031'),
('i2023110600378', 'Pemerintah Kab. Konawe Selatan', 'gi2023110400031'),
('i2023110600379', 'Pemerintah Kab. Kolaka Utara', 'gi2023110400031'),
('i2023110600380', 'Pemerintah Kab. Bombana', 'gi2023110400031'),
('i2023110600381', 'Pemerintah Kab. Wakatobi', 'gi2023110400031'),
('i2023110600382', 'Pemerintah Kab. Buton Utara', 'gi2023110400031'),
('i2023110600383', 'Pemerintah Kab. Konawe Utara', 'gi2023110400031'),
('i2023110600384', 'Pemerintah Kab. Kolaka Timur', 'gi2023110400031'),
('i2023110600385', 'Pemerintah Kab. Konawe Kepulauan', 'gi2023110400031'),
('i2023110600386', 'Pemerintah Kab. Buton Tengah', 'gi2023110400031'),
('i2023110600387', 'Pemerintah Kab. Muna Barat', 'gi2023110400031'),
('i2023110600388', 'Pemerintah Kab. Minahasa', 'gi2023110400032'),
('i2023110600389', 'Pemerintah Kab. Bolaang Mongondow', 'gi2023110400032'),
('i2023110600390', 'Pemerintah Kab. Kepulauan Sangihe', 'gi2023110400032'),
('i2023110600391', 'Pemerintah Kab. Minahasa Selatan', 'gi2023110400032'),
('i2023110600392', 'Pemerintah Kab. Kepulauan Talaud', 'gi2023110400032'),
('i2023110600393', 'Pemerintah Kab. Minahasa Utara', 'gi2023110400032'),
('i2023110600394', 'Pemerintah Kab. Bolaang Mongondow Utara', 'gi2023110400032'),
('i2023110600395', 'Pemerintah Kab. Siau Tagulandang Biaro', 'gi2023110400032'),
('i2023110600396', 'Pemerintah Kab. Minahasa Tenggara', 'gi2023110400032'),
('i2023110600397', 'Pemerintah Kab. Bolaang Mongondow Selatan', 'gi2023110400032'),
('i2023110600398', 'Pemerintah Kab. Bolaang Mongondow Timur', 'gi2023110400032'),
('i2023110600399', 'Pemerintah Kab. Agam', 'gi2023110400033'),
('i2023110600400', 'Pemerintah Kab. Pasaman', 'gi2023110400033'),
('i2023110600401', 'Pemerintah Kab. Limapuluh Kota', 'gi2023110400033'),
('i2023110600402', 'Pemerintah Kab. Solok', 'gi2023110400033'),
('i2023110600403', 'Pemerintah Kab. Padang Pariaman', 'gi2023110400033'),
('i2023110600404', 'Pemerintah Kab. Pesisir Selatan', 'gi2023110400033'),
('i2023110600405', 'Pemerintah Kab. Tanah Datar', 'gi2023110400033'),
('i2023110600406', 'Pemerintah Kab. Sijunjung', 'gi2023110400033'),
('i2023110600407', 'Pemerintah Kab. Kep. Mentawai', 'gi2023110400033'),
('i2023110600408', 'Pemerintah Kab. Solok Selatan', 'gi2023110400033'),
('i2023110600409', 'Pemerintah Kab. Dharmasraya', 'gi2023110400033'),
('i2023110600410', 'Pemerintah Kab. Pasaman Barat', 'gi2023110400033'),
('i2023110600411', 'Pemerintah Kab. Musi Banyuasin', 'gi2023110400034'),
('i2023110600412', 'Pemerintah Kab. Ogan Komering Ulu', 'gi2023110400034'),
('i2023110600413', 'Pemerintah Kab. Muara Enim', 'gi2023110400034'),
('i2023110600414', 'Pemerintah Kab. Lahat', 'gi2023110400034'),
('i2023110600415', 'Pemerintah Kab. Musi Rawas', 'gi2023110400034'),
('i2023110600416', 'Pemerintah Kab. Ogan Komering Ilir', 'gi2023110400034'),
('i2023110600417', 'Pemerintah Kab. Banyuasin', 'gi2023110400034'),
('i2023110600418', 'Pemerintah Kab. Ogan Komering Ulu Timur', 'gi2023110400034'),
('i2023110600419', 'Pemerintah Kab. Ogan Komering Ulu Sel.', 'gi2023110400034'),
('i2023110600420', 'Pemerintah Kab. Ogan Ilir', 'gi2023110400034'),
('i2023110600421', 'Pemerintah Kab. Empat Lawang', 'gi2023110400034'),
('i2023110600422', 'Pemerintah Kab. Musi Rawas Utara', 'gi2023110400034'),
('i2023110600423', 'Pemerintah Kab. Penukal Abab Lematang Ilir', 'gi2023110400034'),
('i2023110600424', 'Pemerintah Kab. Deli Serdang', 'gi2023110400035'),
('i2023110600425', 'Pemerintah Kab. Karo', 'gi2023110400035'),
('i2023110600426', 'Pemerintah Kab. Langkat', 'gi2023110400035'),
('i2023110600427', 'Pemerintah Kab. Tapanuli Tengah', 'gi2023110400035'),
('i2023110600428', 'Pemerintah Kab. Simalungun', 'gi2023110400035'),
('i2023110600429', 'Pemerintah Kab. Labuhanbatu', 'gi2023110400035'),
('i2023110600430', 'Pemerintah Kab. Dairi', 'gi2023110400035'),
('i2023110600431', 'Pemerintah Kab. Tapanuli Utara', 'gi2023110400035'),
('i2023110600432', 'Pemerintah Kab. Tapanuli Selatan', 'gi2023110400035'),
('i2023110600433', 'Pemerintah Kab. Asahan', 'gi2023110400035'),
('i2023110600434', 'Pemerintah Kab. Nias', 'gi2023110400035'),
('i2023110600435', 'Pemerintah Kab. Toba', 'gi2023110400035'),
('i2023110600436', 'Pemerintah Kab. Mandailing Natal', 'gi2023110400035'),
('i2023110600437', 'Pemerintah Kab. Nias Selatan', 'gi2023110400035'),
('i2023110600438', 'Pemerintah Kab. Humbang Hasundutan', 'gi2023110400035'),
('i2023110600439', 'Pemerintah Kab. Pakpak Bharat', 'gi2023110400035'),
('i2023110600440', 'Pemerintah Kab. Samosir', 'gi2023110400035'),
('i2023110600441', 'Pemerintah Kab. Serdang Bedagai', 'gi2023110400035'),
('i2023110600442', 'Pemerintah Kab. Padang Lawas', 'gi2023110400035'),
('i2023110600443', 'Pemerintah Kab. Padang Lawas Utara', 'gi2023110400035'),
('i2023110600444', 'Pemerintah Kab. Batubara', 'gi2023110400035'),
('i2023110600445', 'Pemerintah Kab. Nias Barat', 'gi2023110400035'),
('i2023110600446', 'Pemerintah Kab. Nias Utara', 'gi2023110400035'),
('i2023110600447', 'Pemerintah Kab. Sleman', 'gi2023110400036'),
('i2023110600448', 'Pemerintah Kab. Gunungkidul', 'gi2023110400036'),
('i2023110600449', 'Pemerintah Kota Sabang', 'gi2023110400037'),
('i2023110600450', 'Pemerintah Kota Banda Aceh', 'gi2023110400037'),
('i2023110600451', 'Pemerintah Kota Langsa', 'gi2023110400037'),
('i2023110600452', 'Pemerintah Kota Subulussalam', 'gi2023110400037'),
('i2023110600453', 'Pemerintah Kota Denpasar', 'gi2023110400038'),
('i2023110600454', 'Pemerintah Kota Tangerang', 'gi2023110400039'),
('i2023110600455', 'Pemerintah Kota Cilegon', 'gi2023110400039'),
('i2023110600456', 'Pemerintah Kota Serang', 'gi2023110400039'),
('i2023110600457', 'Pemerintah Kota Tangerang Selatan', 'gi2023110400039'),
('i2023110600458', 'Pemerintah Kota Bengkulu', 'gi2023110400040'),
('i2023110600459', 'Pemerintah Kota Gorontalo', 'gi2023110400041'),
('i2023110600460', 'Pemerintah Kota Jambi', 'gi2023110400042'),
('i2023110600461', 'Pemerintah Kota Sungai Penuh', 'gi2023110400042'),
('i2023110600462', 'Pemerintah Kota Bandung', 'gi2023110400043'),
('i2023110600463', 'Pemerintah Kota Bogor', 'gi2023110400043'),
('i2023110600464', 'Pemerintah Kota Cirebon', 'gi2023110400043'),
('i2023110600465', 'Pemerintah Kota Bekasi', 'gi2023110400043'),
('i2023110600466', 'Pemerintah Kota Depok', 'gi2023110400043'),
('i2023110600467', 'Pemerintah Kota Cimahi', 'gi2023110400043'),
('i2023110600468', 'Pemerintah Kota Tasikmalaya', 'gi2023110400043'),
('i2023110600469', 'Pemerintah Kota Banjar', 'gi2023110400043'),
('i2023110600470', 'Pemerintah Kota Semarang', 'gi2023110400044'),
('i2023110600471', 'Pemerintah Kota Salatiga', 'gi2023110400044'),
('i2023110600472', 'Pemerintah Kota Tegal', 'gi2023110400044'),
('i2023110600473', 'Pemerintah Kota Magelang', 'gi2023110400044'),
('i2023110600474', 'Pemerintah Kota Surakarta', 'gi2023110400044'),
('i2023110600475', 'Pemerintah Kota Surabaya', 'gi2023110400045'),
('i2023110600476', 'Pemerintah Kota Mojokerto', 'gi2023110400045'),
('i2023110600477', 'Pemerintah Kota Malang', 'gi2023110400045'),
('i2023110600478', 'Pemerintah Kota Pasuruan', 'gi2023110400045'),
('i2023110600479', 'Pemerintah Kota Probolinggo', 'gi2023110400045'),
('i2023110600480', 'Pemerintah Kota Blitar', 'gi2023110400045'),
('i2023110600481', 'Pemerintah Kota Kediri', 'gi2023110400045'),
('i2023110600482', 'Pemerintah Kota Madiun', 'gi2023110400045'),
('i2023110600483', 'Pemerintah Kota Batu', 'gi2023110400045'),
('i2023110600484', 'Pemerintah Kota Pontianak', 'gi2023110400046'),
('i2023110600485', 'Pemerintah Kota Banjarmasin', 'gi2023110400047'),
('i2023110600486', 'Pemerintah Kota Banjarbaru', 'gi2023110400047'),
('i2023110600487', 'Pemerintah Kota Palangka Raya', 'gi2023110400048'),
('i2023110600488', 'Pemerintah Kota Samarinda', 'gi2023110400049'),
('i2023110600489', 'Pemerintah Kota Balikpapan', 'gi2023110400049'),
('i2023110600490', 'Pemerintah Kota Bontang', 'gi2023110400049'),
('i2023110600491', 'Pemerintah Kota Tarakan', 'gi2023110400050'),
('i2023110600492', 'Pemerintah Kota Pangkal Pinang', 'gi2023110400051'),
('i2023110600493', 'Pemerintah Kota Metro', 'gi2023110400052'),
('i2023110600494', 'Pemerintah Kota Bandar Lampung', 'gi2023110400052'),
('i2023110600495', 'Pemerintah Kota Ambon', 'gi2023110400053'),
('i2023110600496', 'Pemerintah Kota Tual', 'gi2023110400053'),
('i2023110600497', 'Pemerintah Kota Ternate', 'gi2023110400054'),
('i2023110600498', 'Pemerintah Kota Tidore Kepulauan', 'gi2023110400054'),
('i2023110600499', 'Pemerintah Kota Mataram', 'gi2023110400055'),
('i2023110600500', 'Pemerintah Kota Bima', 'gi2023110400055'),
('i2023110600501', 'Pemerintah Kota Kupang', 'gi2023110400056'),
('i2023110600502', 'Pemerintah Kota Jayapura', 'gi2023110400057'),
('i2023110600503', 'Pemerintah Kota Sorong', 'gi2023110400058'),
('i2023110600504', 'Pemerintah Kota Pekanbaru', 'gi2023110400059'),
('i2023110600505', 'Pemerintah Kota Dumai', 'gi2023110400059'),
('i2023110600506', 'Pemerintah Kota Batam', 'gi2023110400059'),
('i2023110600507', 'Pemerintah Kota Tanjungpinang', 'gi2023110400059'),
('i2023110600508', 'Pemerintah Kota Makassar', 'gi2023110400060'),
('i2023110600509', 'Pemerintah Kota Parepare', 'gi2023110400060'),
('i2023110600510', 'Pemerintah Kota Palopo', 'gi2023110400060'),
('i2023110600511', 'Pemerintah Kota Palu', 'gi2023110400061'),
('i2023110600512', 'Pemerintah Kota Kendari', 'gi2023110400062'),
('i2023110600513', 'Pemerintah Kota Baubau', 'gi2023110400062'),
('i2023110600514', 'Pemerintah Kota Manado', 'gi2023110400063'),
('i2023110600515', 'Pemerintah Kota Bitung', 'gi2023110400063'),
('i2023110600516', 'Pemerintah Kota Tomohon', 'gi2023110400063'),
('i2023110600517', 'Pemerintah Kota KotaMobagu', 'gi2023110400063'),
('i2023110600518', 'Pemerintah Kota Bukittinggi', 'gi2023110400064'),
('i2023110600519', 'Pemerintah Kota Padang Panjang', 'gi2023110400064'),
('i2023110600520', 'Pemerintah Kota Sawahlunto', 'gi2023110400064'),
('i2023110600521', 'Pemerintah Kota Solok', 'gi2023110400064'),
('i2023110600522', 'Pemerintah Kota Padang', 'gi2023110400064'),
('i2023110600523', 'Pemerintah Kota Payakumbuh', 'gi2023110400064'),
('i2023110600524', 'Pemerintah Kota Pariaman', 'gi2023110400064'),
('i2023110600525', 'Pemerintah Kota Pagar Alam', 'gi2023110400065'),
('i2023110600526', 'Pemerintah Kota Lubuk Linggau', 'gi2023110400065'),
('i2023110600527', 'Pemerintah Kota Prabumulih', 'gi2023110400065'),
('i2023110600528', 'Pemerintah Kota Tebing Tinggi', 'gi2023110400066'),
('i2023110600529', 'Pemerintah Kota Binjai', 'gi2023110400066'),
('i2023110600530', 'Pemerintah Kota Pematang Siantar', 'gi2023110400066'),
('i2023110600531', 'Pemerintah Kota Tanjung Balai', 'gi2023110400066'),
('i2023110600532', 'Pemerintah Kota Sibolga', 'gi2023110400066'),
('i2023110600533', 'Pemerintah Kota Padangsidimpuan', 'gi2023110400066'),
('i2023110600534', 'Pemerintah Kota Gunung Sitoli', 'gi2023110400066'),
('i2023110600535', 'Pemerintah Aceh', 'gi2023110400067'),
('i2023110600536', 'Pemerintah Provinsi Banten', 'gi2023110400068'),
('i2023110600537', 'Pemerintah Provinsi Bengkulu', 'gi2023110400069'),
('i2023110600538', 'Pemerintah Provinsi Gorontalo', 'gi2023110400070'),
('i2023110600539', 'Pemerintah Provinsi DKI Jakarta', 'gi2023110400071'),
('i2023110600540', 'Pemerintah Provinsi Jambi', 'gi2023110400072'),
('i2023110600541', 'Pemerintah Provinsi Jawa Barat', 'gi2023110400073'),
('i2023110600542', 'Pemerintah Provinsi Jawa Tengah', 'gi2023110400074'),
('i2023110600543', 'Pemerintah Provinsi Jawa Timur', 'gi2023110400075'),
('i2023110600544', 'Pemerintah Provinsi Kalimantan Barat', 'gi2023110400076'),
('i2023110600545', 'Pemerintah Provinsi Kalimantan Tengah', 'gi2023110400077'),
('i2023110600546', 'Pemerintah Provinsi Kalimantan Timur', 'gi2023110400078'),
('i2023110600547', 'Pemerintah Provinsi Kalimantan Utara', 'gi2023110400079'),
('i2023110600548', 'Pemerintah Provinsi Kep. Bangka Belitung', 'gi2023110400080'),
('i2023110600549', 'Pemerintah Provinsi Lampung', 'gi2023110400081'),
('i2023110600550', 'Pemerintah Provinsi Maluku', 'gi2023110400082'),
('i2023110600551', 'Pemerintah Provinsi Maluku Utara', 'gi2023110400083'),
('i2023110600552', 'Pemerintah Provinsi NTB', 'gi2023110400084'),
('i2023110600553', 'Pemerintah Provinsi NTT', 'gi2023110400085'),
('i2023110600554', 'Pemerintah Provinsi Papua', 'gi2023110400086'),
('i2023110600555', 'Pemerintah Provinsi Papua Barat', 'gi2023110400087'),
('i2023110600556', 'Pemerintah Provinsi Riau', 'gi2023110400088'),
('i2023110600557', 'Pemerintah Provinsi Kepulauan Riau', 'gi2023110400088'),
('i2023110600558', 'Pemerintah Provinsi Sulawesi Barat', 'gi2023110400089'),
('i2023110600559', 'Pemerintah Provinsi Sulawesi Selatan', 'gi2023110400090'),
('i2023110600560', 'Pemerintah Provinsi Sulawesi Tengah', 'gi2023110400091'),
('i2023110600561', 'Pemerintah Provinsi Sulawesi Tenggara', 'gi2023110400092'),
('i2023110600562', 'Pemerintah Provinsi Sulawesi Utara', 'gi2023110400093'),
('i2023110600563', 'Pemerintah Provinsi Sumatera Barat', 'gi2023110400094'),
('i2023110600564', 'Pemerintah Provinsi Sumatera Utara', 'gi2023110400095'),
('i2023110600565', 'Pemerintah D.I. Yogyakarta', 'gi2023110400096');

-- --------------------------------------------------------

--
-- Table structure for table `isi`
--

CREATE TABLE `isi` (
  `instansi` varchar(25) NOT NULL,
  `indikator` varchar(25) NOT NULL,
  `value` decimal(11,2) NOT NULL,
  `year` year(4) NOT NULL
) ENGINE=InnoDB DEFAULT CHARSET=latin1;

--
-- Dumping data for table `isi`
--

INSERT INTO `isi` (`instansi`, `indikator`, `value`, `year`) VALUES
('i2023110600001', 'in2023110400001', '3.00', 2021),
('i2023110600001', 'in2023110400001', '4.00', 2022),
('i2023110600001', 'in2023110400002', '3.00', 2021),
('i2023110600001', 'in2023110400002', '4.00', 2022),
('i2023110600001', 'in2023110400003', '3.00', 2021),
('i2023110600001', 'in2023110400003', '4.00', 2022),
('i2023110600001', 'in2023110400004', '3.00', 2021),
('i2023110600001', 'in2023110400004', '4.00', 2022),
('i2023110600001', 'in2023110400005', '5.00', 2021),
('i2023110600001', 'in2023110400005', '4.00', 2022),
('i2023110600001', 'in2023110400006', '5.00', 2021),
('i2023110600001', 'in2023110400006', '4.00', 2022),
('i2023110600001', 'in2023110400007', '5.00', 2021),
('i2023110600001', 'in2023110400007', '4.00', 2022),
('i2023110600001', 'in2023110400008', '3.00', 2021),
('i2023110600001', 'in2023110400008', '4.00', 2022),
('i2023110600001', 'in2023110400009', '3.00', 2021),
('i2023110600001', 'in2023110400009', '4.00', 2022),
('i2023110600001', 'in2023110400010', '5.00', 2021),
('i2023110600001', 'in2023110400010', '4.00', 2022),
('i2023110600001', 'in2023110400011', '2.00', 2021),
('i2023110600001', 'in2023110400011', '3.00', 2022),
('i2023110600001', 'in2023110400012', '3.00', 2021),
('i2023110600001', 'in2023110400012', '3.00', 2022),
('i2023110600001', 'in2023110400013', '3.00', 2021),
('i2023110600001', 'in2023110400013', '2.00', 2022),
('i2023110600001', 'in2023110400014', '3.00', 2021),
('i2023110600001', 'in2023110400014', '2.00', 2022),
('i2023110600001', 'in2023110400015', '3.00', 2021),
('i2023110600001', 'in2023110400015', '1.00', 2022),
('i2023110600001', 'in2023110400016', '3.00', 2021),
('i2023110600001', 'in2023110400016', '2.00', 2022),
('i2023110600001', 'in2023110400017', '4.00', 2021),
('i2023110600001', 'in2023110400017', '3.00', 2022),
('i2023110600001', 'in2023110400018', '3.00', 2021),
('i2023110600001', 'in2023110400018', '3.00', 2022),
('i2023110600001', 'in2023110400019', '2.00', 2021),
('i2023110600001', 'in2023110400019', '2.00', 2022),
('i2023110600001', 'in2023110400020', '3.00', 2021),
('i2023110600001', 'in2023110400020', '1.00', 2022),
('i2023110600001', 'in2023110400021', '2.00', 2021),
('i2023110600001', 'in2023110400021', '3.00', 2022),
('i2023110600001', 'in2023110400022', '1.00', 2021),
('i2023110600001', 'in2023110400022', '2.00', 2022),
('i2023110600001', 'in2023110400023', '2.00', 2021),
('i2023110600001', 'in2023110400023', '2.00', 2022),
('i2023110600001', 'in2023110400024', '2.00', 2021),
('i2023110600001', 'in2023110400024', '3.00', 2022),
('i2023110600001', 'in2023110400025', '1.00', 2021),
('i2023110600001', 'in2023110400025', '2.00', 2022),
('i2023110600001', 'in2023110400026', '2.00', 2021),
('i2023110600001', 'in2023110400026', '2.00', 2022),
('i2023110600001', 'in2023110400027', '2.00', 2021),
('i2023110600001', 'in2023110400027', '2.00', 2022),
('i2023110600001', 'in2023110400028', '2.00', 2021),
('i2023110600001', 'in2023110400028', '2.00', 2022),
('i2023110600001', 'in2023110400029', '2.00', 2021),
('i2023110600001', 'in2023110400029', '2.00', 2022),
('i2023110600001', 'in2023110400030', '2.00', 2021),
('i2023110600001', 'in2023110400030', '2.00', 2022),
('i2023110600001', 'in2023110400031', '3.00', 2021),
('i2023110600001', 'in2023110400031', '2.00', 2022),
('i2023110600001', 'in2023110400032', '4.00', 2021),
('i2023110600001', 'in2023110400032', '4.00', 2022),
('i2023110600001', 'in2023110400033', '4.00', 2021),
('i2023110600001', 'in2023110400033', '4.00', 2022),
('i2023110600001', 'in2023110400034', '4.00', 2021),
('i2023110600001', 'in2023110400034', '4.00', 2022),
('i2023110600001', 'in2023110400035', '4.00', 2021),
('i2023110600001', 'in2023110400035', '4.00', 2022),
('i2023110600001', 'in2023110400036', '4.00', 2021),
('i2023110600001', 'in2023110400036', '4.00', 2022),
('i2023110600001', 'in2023110400037', '4.00', 2021),
('i2023110600001', 'in2023110400037', '4.00', 2022),
('i2023110600001', 'in2023110400038', '4.00', 2021),
('i2023110600001', 'in2023110400038', '4.00', 2022),
('i2023110600001', 'in2023110400039', '4.00', 2021),
('i2023110600001', 'in2023110400039', '3.00', 2022),
('i2023110600001', 'in2023110400040', '4.00', 2021),
('i2023110600001', 'in2023110400040', '3.00', 2022),
('i2023110600001', 'in2023110400041', '4.00', 2021),
('i2023110600001', 'in2023110400041', '4.00', 2022),
('i2023110600001', 'in2023110400042', '4.00', 2021),
('i2023110600001', 'in2023110400042', '4.00', 2022),
('i2023110600001', 'in2023110400043', '2.00', 2021),
('i2023110600001', 'in2023110400043', '1.00', 2022),
('i2023110600001', 'in2023110400044', '4.00', 2021),
('i2023110600001', 'in2023110400044', '4.00', 2022),
('i2023110600001', 'in2023110400045', '5.00', 2021),
('i2023110600001', 'in2023110400045', '1.00', 2022),
('i2023110600001', 'in2023110400046', '5.00', 2021),
('i2023110600001', 'in2023110400046', '3.00', 2022),
('i2023110600001', 'in2023110400047', '5.00', 2021),
('i2023110600001', 'in2023110400047', '2.00', 2022),
('i2023110600002', 'in2023110400001', '3.00', 2021),
('i2023110600002', 'in2023110400001', '4.00', 2022),
('i2023110600002', 'in2023110400002', '3.00', 2021),
('i2023110600002', 'in2023110400002', '4.00', 2022),
('i2023110600002', 'in2023110400003', '3.00', 2021),
('i2023110600002', 'in2023110400003', '4.00', 2022),
('i2023110600002', 'in2023110400004', '2.00', 2021),
('i2023110600002', 'in2023110400004', '4.00', 2022),
('i2023110600002', 'in2023110400005', '4.00', 2021),
('i2023110600002', 'in2023110400005', '4.00', 2022),
('i2023110600002', 'in2023110400006', '4.00', 2021),
('i2023110600002', 'in2023110400006', '3.00', 2022),
('i2023110600002', 'in2023110400007', '4.00', 2021),
('i2023110600002', 'in2023110400007', '3.00', 2022),
('i2023110600002', 'in2023110400008', '2.00', 2021),
('i2023110600002', 'in2023110400008', '4.00', 2022),
('i2023110600002', 'in2023110400009', '3.00', 2021),
('i2023110600002', 'in2023110400009', '3.00', 2022),
('i2023110600002', 'in2023110400010', '5.00', 2021),
('i2023110600002', 'in2023110400010', '5.00', 2022),
('i2023110600002', 'in2023110400011', '1.00', 2021),
('i2023110600002', 'in2023110400011', '3.00', 2022),
('i2023110600002', 'in2023110400012', '3.00', 2021),
('i2023110600002', 'in2023110400012', '3.00', 2022),
('i2023110600002', 'in2023110400013', '4.00', 2021),
('i2023110600002', 'in2023110400013', '1.00', 2022),
('i2023110600002', 'in2023110400014', '2.00', 2021),
('i2023110600002', 'in2023110400014', '3.00', 2022),
('i2023110600002', 'in2023110400015', '1.00', 2021),
('i2023110600002', 'in2023110400015', '2.00', 2022),
('i2023110600002', 'in2023110400016', '3.00', 2021),
('i2023110600002', 'in2023110400016', '2.00', 2022),
('i2023110600002', 'in2023110400017', '4.00', 2021),
('i2023110600002', 'in2023110400017', '2.00', 2022),
('i2023110600002', 'in2023110400018', '2.00', 2021),
('i2023110600002', 'in2023110400018', '2.00', 2022),
('i2023110600002', 'in2023110400019', '4.00', 2021),
('i2023110600002', 'in2023110400019', '2.00', 2022),
('i2023110600002', 'in2023110400020', '2.00', 2021),
('i2023110600002', 'in2023110400020', '3.00', 2022),
('i2023110600002', 'in2023110400021', '2.00', 2021),
('i2023110600002', 'in2023110400021', '3.00', 2022),
('i2023110600002', 'in2023110400022', '3.00', 2021),
('i2023110600002', 'in2023110400022', '4.00', 2022),
('i2023110600002', 'in2023110400023', '3.00', 2021),
('i2023110600002', 'in2023110400023', '1.00', 2022),
('i2023110600002', 'in2023110400024', '3.00', 2021),
('i2023110600002', 'in2023110400024', '1.00', 2022),
('i2023110600002', 'in2023110400025', '1.00', 2021),
('i2023110600002', 'in2023110400025', '2.00', 2022),
('i2023110600002', 'in2023110400026', '1.00', 2021),
('i2023110600002', 'in2023110400026', '2.00', 2022),
('i2023110600002', 'in2023110400027', '2.00', 2021),
('i2023110600002', 'in2023110400027', '2.00', 2022),
('i2023110600002', 'in2023110400028', '1.00', 2021),
('i2023110600002', 'in2023110400028', '3.00', 2022),
('i2023110600002', 'in2023110400029', '2.00', 2021),
('i2023110600002', 'in2023110400029', '1.00', 2022),
('i2023110600002', 'in2023110400030', '2.00', 2021),
('i2023110600002', 'in2023110400030', '1.00', 2022),
('i2023110600002', 'in2023110400031', '3.00', 2021),
('i2023110600002', 'in2023110400031', '4.00', 2022),
('i2023110600002', 'in2023110400032', '4.00', 2021),
('i2023110600002', 'in2023110400032', '4.00', 2022),
('i2023110600002', 'in2023110400033', '4.00', 2021),
('i2023110600002', 'in2023110400033', '4.00', 2022),
('i2023110600002', 'in2023110400034', '4.00', 2021),
('i2023110600002', 'in2023110400034', '3.00', 2022),
('i2023110600002', 'in2023110400035', '4.00', 2021),
('i2023110600002', 'in2023110400035', '4.00', 2022),
('i2023110600002', 'in2023110400036', '3.00', 2021),
('i2023110600002', 'in2023110400036', '4.00', 2022),
('i2023110600002', 'in2023110400037', '4.00', 2021),
('i2023110600002', 'in2023110400037', '4.00', 2022),
('i2023110600002', 'in2023110400038', '4.00', 2021),
('i2023110600002', 'in2023110400038', '4.00', 2022),
('i2023110600002', 'in2023110400039', '2.00', 2021),
('i2023110600002', 'in2023110400039', '2.00', 2022),
('i2023110600002', 'in2023110400040', '3.00', 2021),
('i2023110600002', 'in2023110400040', '3.00', 2022),
('i2023110600002', 'in2023110400041', '3.00', 2021),
('i2023110600002', 'in2023110400041', '3.00', 2022),
('i2023110600002', 'in2023110400042', '4.00', 2021),
('i2023110600002', 'in2023110400042', '4.00', 2022),
('i2023110600002', 'in2023110400043', '4.00', 2021),
('i2023110600002', 'in2023110400043', '2.00', 2022),
('i2023110600002', 'in2023110400044', '2.00', 2021),
('i2023110600002', 'in2023110400044', '4.00', 2022),
('i2023110600002', 'in2023110400045', '5.00', 2021),
('i2023110600002', 'in2023110400045', '1.00', 2022),
('i2023110600002', 'in2023110400046', '2.00', 2021),
('i2023110600002', 'in2023110400046', '4.00', 2022),
('i2023110600002', 'in2023110400047', '3.00', 2021),
('i2023110600002', 'in2023110400047', '2.00', 2022);

-- --------------------------------------------------------

--
-- Table structure for table `predikat`
--

CREATE TABLE `predikat` (
  `id` varchar(25) NOT NULL,
  `nama` varchar(100) NOT NULL,
  `batas_bawah` decimal(11,2) NOT NULL
) ENGINE=InnoDB DEFAULT CHARSET=latin1;

--
-- Dumping data for table `predikat`
--

INSERT INTO `predikat` (`id`, `nama`, `batas_bawah`) VALUES
('p2023110200001', 'Cukup', '1.80'),
('p2023110200002', 'Baik', '2.60'),
('p2023110200003', 'Sangat Baik', '3.50'),
('p2023110200004', 'Memuaskan', '4.20');

--
-- Indexes for dumped tables
--

--
-- Indexes for table `aspek`
--
ALTER TABLE `aspek`
  ADD PRIMARY KEY (`id`);

--
-- Indexes for table `domain`
--
ALTER TABLE `domain`
  ADD PRIMARY KEY (`id`);

--
-- Indexes for table `grup_instansi`
--
ALTER TABLE `grup_instansi`
  ADD PRIMARY KEY (`id`);

--
-- Indexes for table `indikator`
--
ALTER TABLE `indikator`
  ADD PRIMARY KEY (`id`);

--
-- Indexes for table `instansi`
--
ALTER TABLE `instansi`
  ADD PRIMARY KEY (`id`);

--
-- Indexes for table `isi`
--
ALTER TABLE `isi`
  ADD PRIMARY KEY (`instansi`,`indikator`,`year`);

--
-- Indexes for table `predikat`
--
ALTER TABLE `predikat`
  ADD PRIMARY KEY (`id`);
COMMIT;

/*!40101 SET CHARACTER_SET_CLIENT=@OLD_CHARACTER_SET_CLIENT */;
/*!40101 SET CHARACTER_SET_RESULTS=@OLD_CHARACTER_SET_RESULTS */;
/*!40101 SET COLLATION_CONNECTION=@OLD_COLLATION_CONNECTION */;
